<?xml version="1.0" encoding="utf-8" standalone="yes"?>
<rss version="2.0" xmlns:atom="http://www.w3.org/2005/Atom">
  <channel>
    <title>Cyber security blog</title>
    <link>https://blackcaesar0.com/</link>
    <description>Recent content on Cyber security blog</description>
    <generator>Hugo</generator>
    <language>en</language>
    <lastBuildDate>Tue, 03 Jun 2025 22:03:01 +0100</lastBuildDate>
    <atom:link href="https://blackcaesar0.com/index.xml" rel="self" type="application/rss+xml" />
    <item>
      <title>Monteverde</title>
      <link>https://blackcaesar0.com/hackthebox/monteverde/</link>
      <pubDate>Tue, 03 Jun 2025 22:03:01 +0100</pubDate>
      <guid>https://blackcaesar0.com/hackthebox/monteverde/</guid>
      <description>&lt;h1 id=&#34;htb-monteverde--full-pentest-report&#34;&gt;HTB Monteverde – Full Pentest Report&lt;/h1&gt;&#xA;&lt;p&gt;&lt;strong&gt;Date:&lt;/strong&gt; June 3, 2025&lt;br&gt;&#xA;&lt;strong&gt;Tester:&lt;/strong&gt; &lt;strong&gt;blackcaesar0&lt;/strong&gt;                                                                                                                                         &lt;br&gt;&#xA;&lt;strong&gt;Team:&lt;/strong&gt; &lt;strong&gt;The Offensive Security Initiative (OSI)&lt;/strong&gt;                                                                                                                &lt;br&gt;&#xA;&lt;strong&gt;Target IP:&lt;/strong&gt; &lt;code&gt;10.129.228.111&lt;/code&gt;&lt;/p&gt;&#xA;&lt;p&gt;&lt;strong&gt;Domain:&lt;/strong&gt; MEGABANK.LOCAL&lt;br&gt;&#xA;&lt;strong&gt;Hostname:&lt;/strong&gt; MONTEVERDE&lt;/p&gt;&#xA;&lt;hr&gt;&#xA;&lt;h3 id=&#34;initial-reconnaissance&#34;&gt;Initial Reconnaissance&lt;/h3&gt;&#xA;&lt;p&gt;In this phase, an Nmap scan was performed to identify open ports, services, and gather initial information about the target. The output below shows all relevant open services and their versions, confirming that this host is part of an Active Directory environment.&lt;/p&gt;&#xA;&lt;div class=&#34;highlight&#34;&gt;&lt;pre tabindex=&#34;0&#34; style=&#34;color:#f8f8f2;background-color:#272822;-moz-tab-size:4;-o-tab-size:4;tab-size:4;&#34;&gt;&lt;code class=&#34;language-sh&#34; data-lang=&#34;sh&#34;&gt;&lt;span style=&#34;display:flex;&#34;&gt;&lt;span&gt;&lt;span style=&#34;color:#f92672&#34;&gt;[&lt;/span&gt;Jun 03, &lt;span style=&#34;color:#ae81ff&#34;&gt;2025&lt;/span&gt; - 01:42:17 &lt;span style=&#34;color:#f92672&#34;&gt;(&lt;/span&gt;UTC&lt;span style=&#34;color:#f92672&#34;&gt;)]&lt;/span&gt; exegol-HTB Monteverde &lt;span style=&#34;color:#75715e&#34;&gt;# nmap -A -O -T4 -Pn -oX Monteverde.xml 10.129.228.111&lt;/span&gt;&#xA;&lt;/span&gt;&lt;/span&gt;&lt;span style=&#34;display:flex;&#34;&gt;&lt;span&gt;Starting Nmap 7.93 &lt;span style=&#34;color:#f92672&#34;&gt;(&lt;/span&gt; https://nmap.org &lt;span style=&#34;color:#f92672&#34;&gt;)&lt;/span&gt; at 2025-06-03 01:43 UTC&#xA;&lt;/span&gt;&lt;/span&gt;&lt;span style=&#34;display:flex;&#34;&gt;&lt;span&gt;Nmap scan report &lt;span style=&#34;color:#66d9ef&#34;&gt;for&lt;/span&gt; 10.129.228.111&#xA;&lt;/span&gt;&lt;/span&gt;&lt;span style=&#34;display:flex;&#34;&gt;&lt;span&gt;Host is up &lt;span style=&#34;color:#f92672&#34;&gt;(&lt;/span&gt;0.093s latency&lt;span style=&#34;color:#f92672&#34;&gt;)&lt;/span&gt;.&#xA;&lt;/span&gt;&lt;/span&gt;&lt;span style=&#34;display:flex;&#34;&gt;&lt;span&gt;Not shown: &lt;span style=&#34;color:#ae81ff&#34;&gt;989&lt;/span&gt; filtered tcp ports &lt;span style=&#34;color:#f92672&#34;&gt;(&lt;/span&gt;no-response&lt;span style=&#34;color:#f92672&#34;&gt;)&lt;/span&gt;&#xA;&lt;/span&gt;&lt;/span&gt;&lt;span style=&#34;display:flex;&#34;&gt;&lt;span&gt;PORT     STATE SERVICE       VERSION&#xA;&lt;/span&gt;&lt;/span&gt;&lt;span style=&#34;display:flex;&#34;&gt;&lt;span&gt;53/tcp   open  domain        Simple DNS Plus&#xA;&lt;/span&gt;&lt;/span&gt;&lt;span style=&#34;display:flex;&#34;&gt;&lt;span&gt;88/tcp   open  kerberos-sec  Microsoft Windows Kerberos &lt;span style=&#34;color:#f92672&#34;&gt;(&lt;/span&gt;server time: 2025-06-03 01:43:47Z&lt;span style=&#34;color:#f92672&#34;&gt;)&lt;/span&gt;&#xA;&lt;/span&gt;&lt;/span&gt;&lt;span style=&#34;display:flex;&#34;&gt;&lt;span&gt;135/tcp  open  msrpc         Microsoft Windows RPC&#xA;&lt;/span&gt;&lt;/span&gt;&lt;span style=&#34;display:flex;&#34;&gt;&lt;span&gt;139/tcp  open  netbios-ssn   Microsoft Windows netbios-ssn&#xA;&lt;/span&gt;&lt;/span&gt;&lt;span style=&#34;display:flex;&#34;&gt;&lt;span&gt;389/tcp  open  ldap          Microsoft Windows Active Directory LDAP &lt;span style=&#34;color:#f92672&#34;&gt;(&lt;/span&gt;Domain: MEGABANK.LOCAL0., Site: Default-First-Site-Name&lt;span style=&#34;color:#f92672&#34;&gt;)&lt;/span&gt;&#xA;&lt;/span&gt;&lt;/span&gt;&lt;span style=&#34;display:flex;&#34;&gt;&lt;span&gt;445/tcp  open  microsoft-ds?&#xA;&lt;/span&gt;&lt;/span&gt;&lt;span style=&#34;display:flex;&#34;&gt;&lt;span&gt;464/tcp  open  kpasswd5?&#xA;&lt;/span&gt;&lt;/span&gt;&lt;span style=&#34;display:flex;&#34;&gt;&lt;span&gt;593/tcp  open  ncacn_http    Microsoft Windows RPC over HTTP 1.0&#xA;&lt;/span&gt;&lt;/span&gt;&lt;span style=&#34;display:flex;&#34;&gt;&lt;span&gt;636/tcp  open  tcpwrapped&#xA;&lt;/span&gt;&lt;/span&gt;&lt;span style=&#34;display:flex;&#34;&gt;&lt;span&gt;3268/tcp open  ldap          Microsoft Windows Active Directory LDAP &lt;span style=&#34;color:#f92672&#34;&gt;(&lt;/span&gt;Domain: MEGABANK.LOCAL0., Site: Default-First-Site-Name&lt;span style=&#34;color:#f92672&#34;&gt;)&lt;/span&gt;&#xA;&lt;/span&gt;&lt;/span&gt;&lt;span style=&#34;display:flex;&#34;&gt;&lt;span&gt;3269/tcp open  tcpwrapped&#xA;&lt;/span&gt;&lt;/span&gt;&lt;span style=&#34;display:flex;&#34;&gt;&lt;span&gt;Warning: OSScan results may be unreliable because we could not find at least &lt;span style=&#34;color:#ae81ff&#34;&gt;1&lt;/span&gt; open and &lt;span style=&#34;color:#ae81ff&#34;&gt;1&lt;/span&gt; closed port&#xA;&lt;/span&gt;&lt;/span&gt;&lt;span style=&#34;display:flex;&#34;&gt;&lt;span&gt;OS fingerprint not ideal because: Missing a closed TCP port so results incomplete&#xA;&lt;/span&gt;&lt;/span&gt;&lt;span style=&#34;display:flex;&#34;&gt;&lt;span&gt;No OS matches &lt;span style=&#34;color:#66d9ef&#34;&gt;for&lt;/span&gt; host&#xA;&lt;/span&gt;&lt;/span&gt;&lt;span style=&#34;display:flex;&#34;&gt;&lt;span&gt;Network Distance: &lt;span style=&#34;color:#ae81ff&#34;&gt;2&lt;/span&gt; hops&#xA;&lt;/span&gt;&lt;/span&gt;&lt;span style=&#34;display:flex;&#34;&gt;&lt;span&gt;Service Info: Host: MONTEVERDE; OS: Windows; CPE: cpe:/o:microsoft:windows&#xA;&lt;/span&gt;&lt;/span&gt;&lt;span style=&#34;display:flex;&#34;&gt;&lt;span&gt;&#xA;&lt;/span&gt;&lt;/span&gt;&lt;span style=&#34;display:flex;&#34;&gt;&lt;span&gt;Host script results:&#xA;&lt;/span&gt;&lt;/span&gt;&lt;span style=&#34;display:flex;&#34;&gt;&lt;span&gt;| smb2-security-mode: &#xA;&lt;/span&gt;&lt;/span&gt;&lt;span style=&#34;display:flex;&#34;&gt;&lt;span&gt;|   311: &#xA;&lt;/span&gt;&lt;/span&gt;&lt;span style=&#34;display:flex;&#34;&gt;&lt;span&gt;|_    Message signing enabled and required&#xA;&lt;/span&gt;&lt;/span&gt;&lt;span style=&#34;display:flex;&#34;&gt;&lt;span&gt;| smb2-time: &#xA;&lt;/span&gt;&lt;/span&gt;&lt;span style=&#34;display:flex;&#34;&gt;&lt;span&gt;|   date: 2025-06-03T01:44:02&#xA;&lt;/span&gt;&lt;/span&gt;&lt;span style=&#34;display:flex;&#34;&gt;&lt;span&gt;|_  start_date: N/A&#xA;&lt;/span&gt;&lt;/span&gt;&lt;/code&gt;&lt;/pre&gt;&lt;/div&gt;&lt;p&gt;&lt;strong&gt;Key Observations:&lt;/strong&gt;&lt;/p&gt;</description>
    </item>
    <item>
      <title>Support</title>
      <link>https://blackcaesar0.com/hackthebox/support/</link>
      <pubDate>Tue, 20 May 2025 02:36:30 +0100</pubDate>
      <guid>https://blackcaesar0.com/hackthebox/support/</guid>
      <description>&lt;h1 id=&#34;hackthebox-writeup--support&#34;&gt;HackTheBox Writeup – Support&lt;/h1&gt;&#xA;&lt;p&gt;&lt;strong&gt;Author&lt;/strong&gt;: &lt;strong&gt;blackcaesar0&lt;/strong&gt;&lt;br&gt;&#xA;&lt;strong&gt;Team&lt;/strong&gt;: &lt;strong&gt;Offensive Security Initiative (OSI)&lt;/strong&gt;&lt;br&gt;&#xA;&lt;strong&gt;Machine Name&lt;/strong&gt;: Support&lt;br&gt;&#xA;&lt;strong&gt;Difficulty&lt;/strong&gt;: Easy&lt;br&gt;&#xA;&lt;strong&gt;Operating System&lt;/strong&gt;: Windows&lt;br&gt;&#xA;&lt;strong&gt;Category&lt;/strong&gt;: Active Directory, Privilege Escalation&lt;/p&gt;&#xA;&lt;p&gt;&lt;img src=&#34;https://blackcaesar0.com/static/support/support.png&#34; alt=&#34;&#34;&gt;&lt;/p&gt;&#xA;&lt;hr&gt;&#xA;&lt;h2 id=&#34;overview&#34;&gt;Overview&lt;/h2&gt;&#xA;&lt;ul&gt;&#xA;&lt;li&gt;&lt;strong&gt;Target&lt;/strong&gt;: &lt;code&gt;support.htb,dc.support.htb&lt;/code&gt;&lt;/li&gt;&#xA;&lt;li&gt;&lt;strong&gt;Objective&lt;/strong&gt;: Gain user and administrator access&lt;/li&gt;&#xA;&lt;li&gt;&lt;strong&gt;Techniques Used&lt;/strong&gt;:&#xA;&lt;ul&gt;&#xA;&lt;li&gt;SMB and LDAP enumeration&lt;/li&gt;&#xA;&lt;li&gt;Reverse engineering a .NET executable using  &lt;strong&gt;dnSpy&lt;/strong&gt;&lt;/li&gt;&#xA;&lt;li&gt;LDAP user enumeration&lt;/li&gt;&#xA;&lt;li&gt;WinRM shell access&lt;/li&gt;&#xA;&lt;li&gt;Abuse of &lt;code&gt;GenericAll&lt;/code&gt; rights&lt;/li&gt;&#xA;&lt;li&gt;Resource-Based Constrained Delegation (RBCD)&lt;/li&gt;&#xA;&lt;li&gt;Kerberos ticket impersonation&lt;/li&gt;&#xA;&lt;/ul&gt;&#xA;&lt;/li&gt;&#xA;&lt;/ul&gt;&#xA;&lt;hr&gt;&#xA;&lt;h2 id=&#34;initial-enumeration&#34;&gt;Initial Enumeration&lt;/h2&gt;&#xA;&lt;h3 id=&#34;nmap-scan&#34;&gt;Nmap Scan&lt;/h3&gt;&#xA;&lt;ul&gt;&#xA;&lt;li&gt;Performed a comprehensive Nmap scan to identify open ports and services.&lt;/li&gt;&#xA;&lt;/ul&gt;&#xA;&lt;div class=&#34;highlight&#34;&gt;&lt;pre tabindex=&#34;0&#34; style=&#34;color:#f8f8f2;background-color:#272822;-moz-tab-size:4;-o-tab-size:4;tab-size:4;&#34;&gt;&lt;code class=&#34;language-sh&#34; data-lang=&#34;sh&#34;&gt;&lt;span style=&#34;display:flex;&#34;&gt;&lt;span&gt;PORT     STATE SERVICE       VERSION&#xA;&lt;/span&gt;&lt;/span&gt;&lt;span style=&#34;display:flex;&#34;&gt;&lt;span&gt;53/tcp   open  domain        Simple DNS Plus&#xA;&lt;/span&gt;&lt;/span&gt;&lt;span style=&#34;display:flex;&#34;&gt;&lt;span&gt;88/tcp   open  kerberos-sec  Microsoft Windows Kerberos &lt;span style=&#34;color:#f92672&#34;&gt;(&lt;/span&gt;server time: 2025-05-19 20:41:54Z&lt;span style=&#34;color:#f92672&#34;&gt;)&lt;/span&gt;&#xA;&lt;/span&gt;&lt;/span&gt;&lt;span style=&#34;display:flex;&#34;&gt;&lt;span&gt;135/tcp  open  msrpc         Microsoft Windows RPC&#xA;&lt;/span&gt;&lt;/span&gt;&lt;span style=&#34;display:flex;&#34;&gt;&lt;span&gt;139/tcp  open  netbios-ssn   Microsoft Windows netbios-ssn&#xA;&lt;/span&gt;&lt;/span&gt;&lt;span style=&#34;display:flex;&#34;&gt;&lt;span&gt;389/tcp  open  ldap          Microsoft Windows Active Directory LDAP &lt;span style=&#34;color:#f92672&#34;&gt;(&lt;/span&gt;Domain: support.htb0., Site: Default-First-Site-Name&lt;span style=&#34;color:#f92672&#34;&gt;)&lt;/span&gt;&#xA;&lt;/span&gt;&lt;/span&gt;&lt;span style=&#34;display:flex;&#34;&gt;&lt;span&gt;445/tcp  open  microsoft-ds?&#xA;&lt;/span&gt;&lt;/span&gt;&lt;span style=&#34;display:flex;&#34;&gt;&lt;span&gt;464/tcp  open  kpasswd5?&#xA;&lt;/span&gt;&lt;/span&gt;&lt;span style=&#34;display:flex;&#34;&gt;&lt;span&gt;593/tcp  open  ncacn_http    Microsoft Windows RPC over HTTP 1.0&#xA;&lt;/span&gt;&lt;/span&gt;&lt;span style=&#34;display:flex;&#34;&gt;&lt;span&gt;636/tcp  open  tcpwrapped&#xA;&lt;/span&gt;&lt;/span&gt;&lt;span style=&#34;display:flex;&#34;&gt;&lt;span&gt;3268/tcp open  ldap          Microsoft Windows Active Directory LDAP &lt;span style=&#34;color:#f92672&#34;&gt;(&lt;/span&gt;Domain: support.htb0., Site: Default-First-Site-Name&lt;span style=&#34;color:#f92672&#34;&gt;)&lt;/span&gt;&#xA;&lt;/span&gt;&lt;/span&gt;&lt;span style=&#34;display:flex;&#34;&gt;&lt;span&gt;3269/tcp open  tcpwrapped&#xA;&lt;/span&gt;&lt;/span&gt;&lt;span style=&#34;display:flex;&#34;&gt;&lt;span&gt;5985/tcp open  http          Microsoft HTTPAPI httpd 2.0 &lt;span style=&#34;color:#f92672&#34;&gt;(&lt;/span&gt;SSDP/UPnP&lt;span style=&#34;color:#f92672&#34;&gt;)&lt;/span&gt;&#xA;&lt;/span&gt;&lt;/span&gt;&lt;span style=&#34;display:flex;&#34;&gt;&lt;span&gt;|_http-server-header: Microsoft-HTTPAPI/2.0&#xA;&lt;/span&gt;&lt;/span&gt;&lt;span style=&#34;display:flex;&#34;&gt;&lt;span&gt;|_http-title: Not Found&#xA;&lt;/span&gt;&lt;/span&gt;&lt;span style=&#34;display:flex;&#34;&gt;&lt;span&gt;Warning: OSScan results may be unreliable because we could not find at least &lt;span style=&#34;color:#ae81ff&#34;&gt;1&lt;/span&gt; open and &lt;span style=&#34;color:#ae81ff&#34;&gt;1&lt;/span&gt; closed port&#xA;&lt;/span&gt;&lt;/span&gt;&lt;span style=&#34;display:flex;&#34;&gt;&lt;span&gt;Device type: general purpose&#xA;&lt;/span&gt;&lt;/span&gt;&lt;span style=&#34;display:flex;&#34;&gt;&lt;span&gt;Running &lt;span style=&#34;color:#f92672&#34;&gt;(&lt;/span&gt;JUST GUESSING&lt;span style=&#34;color:#f92672&#34;&gt;)&lt;/span&gt;: Microsoft Windows 2022|2012|&lt;span style=&#34;color:#ae81ff&#34;&gt;2016&lt;/span&gt; &lt;span style=&#34;color:#f92672&#34;&gt;(&lt;/span&gt;89%&lt;span style=&#34;color:#f92672&#34;&gt;)&lt;/span&gt;&#xA;&lt;/span&gt;&lt;/span&gt;&lt;span style=&#34;display:flex;&#34;&gt;&lt;span&gt;OS CPE: cpe:/o:microsoft:windows_server_2022 cpe:/o:microsoft:windows_server_2012:r2 cpe:/o:microsoft:windows_server_2016&#xA;&lt;/span&gt;&lt;/span&gt;&lt;span style=&#34;display:flex;&#34;&gt;&lt;span&gt;Aggressive OS guesses: Microsoft Windows Server &lt;span style=&#34;color:#ae81ff&#34;&gt;2022&lt;/span&gt; &lt;span style=&#34;color:#f92672&#34;&gt;(&lt;/span&gt;89%&lt;span style=&#34;color:#f92672&#34;&gt;)&lt;/span&gt;, Microsoft Windows Server &lt;span style=&#34;color:#ae81ff&#34;&gt;2012&lt;/span&gt; R2 &lt;span style=&#34;color:#f92672&#34;&gt;(&lt;/span&gt;85%&lt;span style=&#34;color:#f92672&#34;&gt;)&lt;/span&gt;, Microsoft Windows Server &lt;span style=&#34;color:#ae81ff&#34;&gt;2016&lt;/span&gt; &lt;span style=&#34;color:#f92672&#34;&gt;(&lt;/span&gt;85%&lt;span style=&#34;color:#f92672&#34;&gt;)&lt;/span&gt;&#xA;&lt;/span&gt;&lt;/span&gt;&lt;span style=&#34;display:flex;&#34;&gt;&lt;span&gt;No exact OS matches &lt;span style=&#34;color:#66d9ef&#34;&gt;for&lt;/span&gt; host &lt;span style=&#34;color:#f92672&#34;&gt;(&lt;/span&gt;test conditions non-ideal&lt;span style=&#34;color:#f92672&#34;&gt;)&lt;/span&gt;.&#xA;&lt;/span&gt;&lt;/span&gt;&lt;span style=&#34;display:flex;&#34;&gt;&lt;span&gt;Network Distance: &lt;span style=&#34;color:#ae81ff&#34;&gt;2&lt;/span&gt; hops&#xA;&lt;/span&gt;&lt;/span&gt;&lt;span style=&#34;display:flex;&#34;&gt;&lt;span&gt;Service Info: Host: DC; OS: Windows; CPE: cpe:/o:microsoft:windows&#xA;&lt;/span&gt;&lt;/span&gt;&lt;span style=&#34;display:flex;&#34;&gt;&lt;span&gt;&#xA;&lt;/span&gt;&lt;/span&gt;&lt;span style=&#34;display:flex;&#34;&gt;&lt;span&gt;Host script results:&#xA;&lt;/span&gt;&lt;/span&gt;&lt;span style=&#34;display:flex;&#34;&gt;&lt;span&gt;| smb2-time: &#xA;&lt;/span&gt;&lt;/span&gt;&lt;span style=&#34;display:flex;&#34;&gt;&lt;span&gt;|   date: 2025-05-19T20:42:11&#xA;&lt;/span&gt;&lt;/span&gt;&lt;span style=&#34;display:flex;&#34;&gt;&lt;span&gt;|_  start_date: N/A&#xA;&lt;/span&gt;&lt;/span&gt;&lt;span style=&#34;display:flex;&#34;&gt;&lt;span&gt;| smb2-security-mode: &#xA;&lt;/span&gt;&lt;/span&gt;&lt;span style=&#34;display:flex;&#34;&gt;&lt;span&gt;|   3:1:1: &#xA;&lt;/span&gt;&lt;/span&gt;&lt;span style=&#34;display:flex;&#34;&gt;&lt;span&gt;|_    Message signing enabled and required&#xA;&lt;/span&gt;&lt;/span&gt;&lt;span style=&#34;display:flex;&#34;&gt;&lt;span&gt;|_clock-skew: 2m32s&#xA;&lt;/span&gt;&lt;/span&gt;&lt;/code&gt;&lt;/pre&gt;&lt;/div&gt;&lt;hr&gt;&#xA;&lt;h2 id=&#34;smb-enumeration&#34;&gt;SMB Enumeration&lt;/h2&gt;&#xA;&lt;ul&gt;&#xA;&lt;li&gt;Enumerated SMB shares and discovered a publicly accessible share named &lt;code&gt;support-tools&lt;/code&gt; containing a file &lt;code&gt;UserInfo.exe.zip&lt;/code&gt;.&lt;/li&gt;&#xA;&lt;/ul&gt;&#xA;&lt;p&gt;&lt;img src=&#34;https://blackcaesar0.com/static/support/smb_enum.jpg&#34; alt=&#34;&#34;&gt;&lt;/p&gt;</description>
    </item>
    <item>
      <title>Cronos</title>
      <link>https://blackcaesar0.com/hackthebox/cronos/</link>
      <pubDate>Wed, 23 Apr 2025 04:15:47 +0100</pubDate>
      <guid>https://blackcaesar0.com/hackthebox/cronos/</guid>
      <description>&lt;h1 id=&#34;internal-penetration-test-report-cronos&#34;&gt;Internal Penetration Test Report: &lt;strong&gt;CRONOS&lt;/strong&gt;&lt;/h1&gt;&#xA;&lt;hr&gt;&#xA;&lt;h2 id=&#34;summary&#34;&gt;Summary&lt;/h2&gt;&#xA;&lt;ul&gt;&#xA;&lt;li&gt;&lt;strong&gt;Author:&lt;/strong&gt; blackcaesar0&lt;/li&gt;&#xA;&lt;li&gt;&lt;strong&gt;Team:&lt;/strong&gt; OSI&lt;/li&gt;&#xA;&lt;li&gt;&lt;strong&gt;Machine:&lt;/strong&gt; Cronos&lt;/li&gt;&#xA;&lt;li&gt;&lt;strong&gt;Difficulty:&lt;/strong&gt; Medium&lt;/li&gt;&#xA;&lt;li&gt;&lt;strong&gt;Assessment Date:&lt;/strong&gt; April 23, 2025&lt;/li&gt;&#xA;&lt;li&gt;&lt;strong&gt;Assessment Window:&lt;/strong&gt; 02:15 AM – 02:59 AM&lt;/li&gt;&#xA;&lt;li&gt;&lt;strong&gt;Assessment Type:&lt;/strong&gt; Black-box&lt;/li&gt;&#xA;&lt;li&gt;&lt;strong&gt;Scope:&lt;/strong&gt; Internal (simulated corporate environment)&lt;/li&gt;&#xA;&lt;/ul&gt;&#xA;&lt;hr&gt;&#xA;&lt;h2 id=&#34;executive-summary&#34;&gt;Executive Summary&lt;/h2&gt;&#xA;&lt;p&gt;The internal penetration test targeted the &lt;strong&gt;CRONOS&lt;/strong&gt; machine on the Hack The Box platform. The objective was to simulate an external attacker with no prior access or credentials and identify potential vulnerabilities that could be exploited to gain unauthorized access and escalate privileges.&lt;/p&gt;</description>
    </item>
    <item>
      <title>Cerberus</title>
      <link>https://blackcaesar0.com/hackthebox/cerberus/</link>
      <pubDate>Wed, 26 Feb 2025 05:04:43 +0000</pubDate>
      <guid>https://blackcaesar0.com/hackthebox/cerberus/</guid>
      <description>&lt;h1 id=&#34;penetration-testing-report-for-cerberus&#34;&gt;&lt;strong&gt;Penetration Testing Report For Cerberus&lt;/strong&gt;&lt;/h1&gt;&#xA;&lt;hr&gt;&#xA;&lt;h2 id=&#34;prepared-byblackcaesar0syn&#34;&gt;&lt;strong&gt;Prepared by:&lt;/strong&gt; &lt;strong&gt;blackcaesar0/SYN&lt;/strong&gt;&lt;/h2&gt;&#xA;&lt;p&gt;&lt;strong&gt;Date:&lt;/strong&gt; [2/25/2025]&lt;/p&gt;&#xA;&lt;hr&gt;&#xA;&lt;h1 id=&#34;1-executive-summary&#34;&gt;&lt;strong&gt;1. Executive Summary&lt;/strong&gt;&lt;/h1&gt;&#xA;&lt;h2 id=&#34;purpose&#34;&gt;&lt;strong&gt;Purpose&lt;/strong&gt;&lt;/h2&gt;&#xA;&lt;p&gt;The objective of this penetration test was to assess the security posture of the target system by identifying and exploiting vulnerabilities. The main goals included:&lt;/p&gt;&#xA;&lt;ul&gt;&#xA;&lt;li&gt;&#xA;&lt;p&gt;Enumerating services and misconfigurations.&lt;/p&gt;&#xA;&lt;/li&gt;&#xA;&lt;li&gt;&#xA;&lt;p&gt;Identifying security flaws in web applications, services, or system components.&lt;/p&gt;&#xA;&lt;/li&gt;&#xA;&lt;li&gt;&#xA;&lt;p&gt;Exploiting vulnerabilities to gain unauthorized access.&lt;/p&gt;&#xA;&lt;/li&gt;&#xA;&lt;li&gt;&#xA;&lt;p&gt;Escalating privileges to administrative control.&lt;/p&gt;&#xA;&lt;/li&gt;&#xA;&lt;li&gt;&#xA;&lt;p&gt;Extracting sensitive information or flags as proof of exploitation.&lt;/p&gt;</description>
    </item>
    <item>
      <title>StreamIO</title>
      <link>https://blackcaesar0.com/hackthebox/streamio/</link>
      <pubDate>Fri, 21 Feb 2025 06:43:05 +0100</pubDate>
      <guid>https://blackcaesar0.com/hackthebox/streamio/</guid>
      <description>&lt;h1 id=&#34;penetration-testing-report---streamiohtb&#34;&gt;Penetration Testing Report - StreamIO.htb&lt;/h1&gt;&#xA;&lt;p&gt;&lt;strong&gt;Prepared by:&lt;/strong&gt; blackcaesar0/SYN&lt;/p&gt;&#xA;&lt;hr&gt;&#xA;&lt;h2 id=&#34;1-executive-summary&#34;&gt;1. Executive Summary&lt;/h2&gt;&#xA;&lt;h3 id=&#34;purpose&#34;&gt;Purpose&lt;/h3&gt;&#xA;&lt;p&gt;The objective of this penetration test is to assess the security of &lt;strong&gt;StreamIO.htb&lt;/strong&gt;, identifying vulnerabilities and potential attack vectors. The test covers SQL injection, file inclusion vulnerabilities, and privilege escalation.&lt;/p&gt;&#xA;&lt;h3 id=&#34;scope&#34;&gt;Scope&lt;/h3&gt;&#xA;&lt;ul&gt;&#xA;&lt;li&gt;&lt;strong&gt;Primary Targets:&lt;/strong&gt; &lt;code&gt;streamio.htb&lt;/code&gt;, &lt;code&gt;watch.streamio.htb&lt;/code&gt;&lt;/li&gt;&#xA;&lt;li&gt;&lt;strong&gt;Testing Methodology:&lt;/strong&gt; Enumeration → Vulnerability Analysis → Exploitation → Post-Exploitation → Reporting&lt;/li&gt;&#xA;&lt;/ul&gt;&#xA;&lt;h3 id=&#34;key-findings&#34;&gt;Key Findings&lt;/h3&gt;&#xA;&lt;ul&gt;&#xA;&lt;li&gt;&lt;strong&gt;SQL Injection&lt;/strong&gt; in &lt;code&gt;search.php&lt;/code&gt; allowing credential extraction.&lt;/li&gt;&#xA;&lt;li&gt;&lt;strong&gt;Remote File Inclusion (RFI)&lt;/strong&gt; leading to command execution.&lt;/li&gt;&#xA;&lt;li&gt;&lt;strong&gt;Privilege Escalation&lt;/strong&gt; via misconfigured LAPS and user enumeration.&lt;/li&gt;&#xA;&lt;li&gt;&lt;strong&gt;Firefox Profile Credential Dumping&lt;/strong&gt; allowing access to stored passwords.&lt;/li&gt;&#xA;&lt;/ul&gt;&#xA;&lt;h3 id=&#34;recommendations&#34;&gt;Recommendations&lt;/h3&gt;&#xA;&lt;ul&gt;&#xA;&lt;li&gt;Implement parameterized queries to prevent SQL injection.&lt;/li&gt;&#xA;&lt;li&gt;Restrict file inclusions and validate user input.&lt;/li&gt;&#xA;&lt;li&gt;Review user permissions and LAPS configurations to prevent privilege escalation.&lt;/li&gt;&#xA;&lt;/ul&gt;&#xA;&lt;hr&gt;&#xA;&lt;h2 id=&#34;2-introduction&#34;&gt;2. Introduction&lt;/h2&gt;&#xA;&lt;h3 id=&#34;target-information&#34;&gt;Target Information&lt;/h3&gt;&#xA;&lt;ul&gt;&#xA;&lt;li&gt;&lt;strong&gt;Domain:&lt;/strong&gt; &lt;code&gt;streamio.htb&lt;/code&gt;&lt;/li&gt;&#xA;&lt;li&gt;&lt;strong&gt;IP Address:&lt;/strong&gt; 10.129.141.95&lt;/li&gt;&#xA;&lt;li&gt;&lt;strong&gt;Operating System:&lt;/strong&gt; Windows Server&lt;/li&gt;&#xA;&lt;/ul&gt;&#xA;&lt;h3 id=&#34;rules-of-engagement&#34;&gt;Rules of Engagement&lt;/h3&gt;&#xA;&lt;ul&gt;&#xA;&lt;li&gt;No &lt;strong&gt;Denial of Service (DoS)&lt;/strong&gt; or disruptive attacks.&lt;/li&gt;&#xA;&lt;li&gt;Testing is limited to the &lt;strong&gt;defined scope&lt;/strong&gt;.&lt;/li&gt;&#xA;&lt;li&gt;Exploits must be controlled to avoid unintended service disruption.&lt;/li&gt;&#xA;&lt;/ul&gt;&#xA;&lt;hr&gt;&#xA;&lt;h2 id=&#34;3-methodology&#34;&gt;3. Methodology&lt;/h2&gt;&#xA;&lt;h3 id=&#34;enumeration&#34;&gt;Enumeration&lt;/h3&gt;&#xA;&lt;p&gt;&lt;strong&gt;Tools &amp;amp; Techniques Used:&lt;/strong&gt;&lt;/p&gt;</description>
    </item>
    <item>
      <title>OnlyHacks</title>
      <link>https://blackcaesar0.com/hackthebox/onlyhacks/</link>
      <pubDate>Mon, 17 Feb 2025 15:41:14 +0100</pubDate>
      <guid>https://blackcaesar0.com/hackthebox/onlyhacks/</guid>
      <description>&lt;h2 id=&#34;overview&#34;&gt;Overview&lt;/h2&gt;&#xA;&lt;p&gt;A cross-site scripting (XSS) vulnerability was discovered in a dating web application (similar to Tinder) where users chat after matching. The flaw is located in the chat endpoint, which fails to properly sanitize inputs. This allowed the injection of an external JavaScript file to steal session cookies, read user chats, and even retrieve a sensitive flag from direct messages (DMs).&lt;/p&gt;&#xA;&lt;h2 id=&#34;vulnerability-description&#34;&gt;Vulnerability Description&lt;/h2&gt;&#xA;&lt;p&gt;The vulnerability occurs when an attacker injects a malicious payload. Once executed in the victim&amp;rsquo;s browser, the payload sends the user&amp;rsquo;s session cookie to an attacker-controlled server. With the stolen cookie, the attacker can hijack the session, access private chats, and extract sensitive data.&lt;/p&gt;</description>
    </item>
    <item>
      <title>Timelapse</title>
      <link>https://blackcaesar0.com/hackthebox/timelapse/</link>
      <pubDate>Tue, 11 Feb 2025 06:16:11 +0100</pubDate>
      <guid>https://blackcaesar0.com/hackthebox/timelapse/</guid>
      <description>&lt;h1 id=&#34;comprehensive-penetration-testing-report-timelapse-htb-machine&#34;&gt;Comprehensive Penetration Testing Report: Timelapse HTB Machine&lt;/h1&gt;&#xA;&lt;h2 id=&#34;1-introduction&#34;&gt;1. Introduction&lt;/h2&gt;&#xA;&lt;p&gt;This report details the findings of a penetration test conducted on the Timelapse HTB machine. The objective was to identify vulnerabilities, exploit them, and provide recommendations for remediation. The target system was a Windows-based Active Directory environment with multiple services exposed.&lt;/p&gt;&#xA;&lt;hr&gt;&#xA;&lt;h2 id=&#34;2-scope&#34;&gt;2. Scope&lt;/h2&gt;&#xA;&lt;p&gt;The scope of the engagement included the following target:&lt;/p&gt;&#xA;&lt;table&gt;&#xA;  &lt;thead&gt;&#xA;      &lt;tr&gt;&#xA;          &lt;th&gt;IP&lt;/th&gt;&#xA;          &lt;th&gt;Domain&lt;/th&gt;&#xA;      &lt;/tr&gt;&#xA;  &lt;/thead&gt;&#xA;  &lt;tbody&gt;&#xA;      &lt;tr&gt;&#xA;          &lt;td&gt;10.129.227.113&lt;/td&gt;&#xA;          &lt;td&gt;timelapse.htb / dc01.timelapse.htb&lt;/td&gt;&#xA;      &lt;/tr&gt;&#xA;  &lt;/tbody&gt;&#xA;&lt;/table&gt;&#xA;&lt;hr&gt;&#xA;&lt;h2 id=&#34;3-methodology&#34;&gt;3. Methodology&lt;/h2&gt;&#xA;&lt;p&gt;The penetration test followed a structured methodology:&lt;/p&gt;</description>
    </item>
    <item>
      <title>Jailbreak-CTF</title>
      <link>https://blackcaesar0.com/hackthebox/jailbreak_ctf/</link>
      <pubDate>Fri, 07 Feb 2025 22:53:43 +0100</pubDate>
      <guid>https://blackcaesar0.com/hackthebox/jailbreak_ctf/</guid>
      <description>&lt;p&gt;&lt;strong&gt;CTF Report: Exploiting XXE Vulnerability in Firmware Update Endpoint&lt;/strong&gt;&lt;/p&gt;&#xA;&lt;h3 id=&#34;1-overview&#34;&gt;&lt;strong&gt;1. Overview&lt;/strong&gt;&lt;/h3&gt;&#xA;&lt;p&gt;During this Capture The Flag (CTF) challenge, a vulnerability was identified in the firmware update functionality of a web application. The affected endpoint was &lt;code&gt;/api/update&lt;/code&gt;, which accepted XML input. By exploiting an XML External Entity (XXE) vulnerability, it was possible to read arbitrary files from the server, leading to potential exposure of sensitive information.&lt;/p&gt;&#xA;&lt;h3 id=&#34;2-vulnerable-endpoint&#34;&gt;&lt;strong&gt;2. Vulnerable Endpoint&lt;/strong&gt;&lt;/h3&gt;&#xA;&lt;ul&gt;&#xA;&lt;li&gt;&lt;strong&gt;HTTP Method:&lt;/strong&gt; &lt;code&gt;POST&lt;/code&gt;&lt;/li&gt;&#xA;&lt;li&gt;&lt;strong&gt;Endpoint:&lt;/strong&gt; &lt;code&gt;/api/update&lt;/code&gt;&lt;/li&gt;&#xA;&lt;li&gt;&lt;strong&gt;Host:&lt;/strong&gt; &lt;code&gt;94.237.52.137:31190&lt;/code&gt;&lt;/li&gt;&#xA;&lt;li&gt;&lt;strong&gt;Content-Type:&lt;/strong&gt; &lt;code&gt;application/xml&lt;/code&gt;&lt;/li&gt;&#xA;&lt;/ul&gt;&#xA;&lt;h4 id=&#34;legitimate-request-example&#34;&gt;&lt;strong&gt;Legitimate Request Example&lt;/strong&gt;&lt;/h4&gt;&#xA;&lt;div class=&#34;highlight&#34;&gt;&lt;pre tabindex=&#34;0&#34; style=&#34;color:#f8f8f2;background-color:#272822;-moz-tab-size:4;-o-tab-size:4;tab-size:4;&#34;&gt;&lt;code class=&#34;language-http&#34; data-lang=&#34;http&#34;&gt;&lt;span style=&#34;display:flex;&#34;&gt;&lt;span&gt;&lt;span style=&#34;color:#a6e22e&#34;&gt;POST&lt;/span&gt; /api/update &lt;span style=&#34;color:#66d9ef&#34;&gt;HTTP&lt;/span&gt;&lt;span style=&#34;color:#f92672&#34;&gt;/&lt;/span&gt;&lt;span style=&#34;color:#ae81ff&#34;&gt;1.1&lt;/span&gt;&#xA;&lt;/span&gt;&lt;/span&gt;&lt;span style=&#34;display:flex;&#34;&gt;&lt;span&gt;Host&lt;span style=&#34;color:#f92672&#34;&gt;:&lt;/span&gt; &lt;span style=&#34;color:#ae81ff&#34;&gt;94.237.52.137:31190&lt;/span&gt;&#xA;&lt;/span&gt;&lt;/span&gt;&lt;span style=&#34;display:flex;&#34;&gt;&lt;span&gt;User-Agent&lt;span style=&#34;color:#f92672&#34;&gt;:&lt;/span&gt; &lt;span style=&#34;color:#ae81ff&#34;&gt;Mozilla/5.0 (X11; Linux x86_64; rv:128.0) Gecko/20100101 Firefox/128.0&lt;/span&gt;&#xA;&lt;/span&gt;&lt;/span&gt;&lt;span style=&#34;display:flex;&#34;&gt;&lt;span&gt;Accept&lt;span style=&#34;color:#f92672&#34;&gt;:&lt;/span&gt; &lt;span style=&#34;color:#ae81ff&#34;&gt;*/*&lt;/span&gt;&#xA;&lt;/span&gt;&lt;/span&gt;&lt;span style=&#34;display:flex;&#34;&gt;&lt;span&gt;Content-Type&lt;span style=&#34;color:#f92672&#34;&gt;:&lt;/span&gt; &lt;span style=&#34;color:#ae81ff&#34;&gt;application/xml&lt;/span&gt;&#xA;&lt;/span&gt;&lt;/span&gt;&lt;span style=&#34;display:flex;&#34;&gt;&lt;span&gt;&#xA;&lt;/span&gt;&lt;/span&gt;&lt;span style=&#34;display:flex;&#34;&gt;&lt;span&gt;&lt;span style=&#34;color:#f92672&#34;&gt;&amp;lt;FirmwareUpdateConfig&amp;gt;&lt;/span&gt;&#xA;&lt;/span&gt;&lt;/span&gt;&lt;span style=&#34;display:flex;&#34;&gt;&lt;span&gt;    &lt;span style=&#34;color:#f92672&#34;&gt;&amp;lt;Firmware&amp;gt;&lt;/span&gt;&#xA;&lt;/span&gt;&lt;/span&gt;&lt;span style=&#34;display:flex;&#34;&gt;&lt;span&gt;        &lt;span style=&#34;color:#f92672&#34;&gt;&amp;lt;Version&amp;gt;&lt;/span&gt;1.33.7&lt;span style=&#34;color:#f92672&#34;&gt;&amp;lt;/Version&amp;gt;&lt;/span&gt;&#xA;&lt;/span&gt;&lt;/span&gt;&lt;span style=&#34;display:flex;&#34;&gt;&lt;span&gt;        &lt;span style=&#34;color:#f92672&#34;&gt;&amp;lt;ReleaseDate&amp;gt;&lt;/span&gt;2077-10-21&lt;span style=&#34;color:#f92672&#34;&gt;&amp;lt;/ReleaseDate&amp;gt;&lt;/span&gt;&#xA;&lt;/span&gt;&lt;/span&gt;&lt;span style=&#34;display:flex;&#34;&gt;&lt;span&gt;        &lt;span style=&#34;color:#f92672&#34;&gt;&amp;lt;Description&amp;gt;&lt;/span&gt;Update includes advanced biometric lock functionality for enhanced security.&lt;span style=&#34;color:#f92672&#34;&gt;&amp;lt;/Description&amp;gt;&lt;/span&gt;&#xA;&lt;/span&gt;&lt;/span&gt;&lt;span style=&#34;display:flex;&#34;&gt;&lt;span&gt;        &lt;span style=&#34;color:#f92672&#34;&gt;&amp;lt;Checksum&lt;/span&gt; &lt;span style=&#34;color:#a6e22e&#34;&gt;type=&lt;/span&gt;&lt;span style=&#34;color:#e6db74&#34;&gt;&amp;#34;SHA-256&amp;#34;&lt;/span&gt;&lt;span style=&#34;color:#f92672&#34;&gt;&amp;gt;&lt;/span&gt;9b74c9897bac770ffc029102a200c5de&lt;span style=&#34;color:#f92672&#34;&gt;&amp;lt;/Checksum&amp;gt;&lt;/span&gt;&#xA;&lt;/span&gt;&lt;/span&gt;&lt;span style=&#34;display:flex;&#34;&gt;&lt;span&gt;    &lt;span style=&#34;color:#f92672&#34;&gt;&amp;lt;/Firmware&amp;gt;&lt;/span&gt;&#xA;&lt;/span&gt;&lt;/span&gt;&lt;span style=&#34;display:flex;&#34;&gt;&lt;span&gt;&lt;span style=&#34;color:#f92672&#34;&gt;&amp;lt;/FirmwareUpdateConfig&amp;gt;&lt;/span&gt;&#xA;&lt;/span&gt;&lt;/span&gt;&lt;/code&gt;&lt;/pre&gt;&lt;/div&gt;&lt;ul&gt;&#xA;&lt;li&gt;&lt;strong&gt;Response:&lt;/strong&gt;&lt;/li&gt;&#xA;&lt;/ul&gt;&#xA;&lt;div class=&#34;highlight&#34;&gt;&lt;pre tabindex=&#34;0&#34; style=&#34;color:#f8f8f2;background-color:#272822;-moz-tab-size:4;-o-tab-size:4;tab-size:4;&#34;&gt;&lt;code class=&#34;language-json&#34; data-lang=&#34;json&#34;&gt;&lt;span style=&#34;display:flex;&#34;&gt;&lt;span&gt;{&#xA;&lt;/span&gt;&lt;/span&gt;&lt;span style=&#34;display:flex;&#34;&gt;&lt;span&gt;  &lt;span style=&#34;color:#f92672&#34;&gt;&amp;#34;message&amp;#34;&lt;/span&gt;: &lt;span style=&#34;color:#e6db74&#34;&gt;&amp;#34;Firmware version 1.33.7 update initiated.&amp;#34;&lt;/span&gt;&#xA;&lt;/span&gt;&lt;/span&gt;&lt;span style=&#34;display:flex;&#34;&gt;&lt;span&gt;}&#xA;&lt;/span&gt;&lt;/span&gt;&lt;/code&gt;&lt;/pre&gt;&lt;/div&gt;&lt;h3 id=&#34;3-exploiting-the-xxe-vulnerability&#34;&gt;&lt;strong&gt;3. Exploiting the XXE Vulnerability&lt;/strong&gt;&lt;/h3&gt;&#xA;&lt;p&gt;By injecting an external entity referencing a local file, it was possible to extract data from the server. The following modified request was used to retrieve the contents of &lt;code&gt;flag.txt&lt;/code&gt;:&lt;/p&gt;</description>
    </item>
    <item>
      <title>About</title>
      <link>https://blackcaesar0.com/about/</link>
      <pubDate>Thu, 06 Feb 2025 06:40:16 +0100</pubDate>
      <guid>https://blackcaesar0.com/about/</guid>
      <description>&lt;h2 id=&#34;hi-im-blackcaesar0&#34;&gt;Hi, I&amp;rsquo;m Blackcaesar0!&lt;/h2&gt;&#xA;&lt;p&gt;Welcome to my blog! I&amp;rsquo;m passionate about &lt;strong&gt;cybersecurity&lt;/strong&gt;, and my journey into this fascinating field has been both challenging and rewarding. I enjoy tackling &lt;strong&gt;CTF (Capture the Flag)&lt;/strong&gt; challenges, where I get to sharpen my skills, learn new techniques, and dive deep into various cybersecurity topics.&lt;/p&gt;&#xA;&lt;p&gt;In addition to solving CTF challenges, I actively write &lt;strong&gt;writeups&lt;/strong&gt; and &lt;strong&gt;reports&lt;/strong&gt; to share my knowledge with the community. I believe that sharing what I&amp;rsquo;ve learned helps others grow while also reinforcing my own understanding.&lt;/p&gt;</description>
    </item>
    <item>
      <title>Intelligence</title>
      <link>https://blackcaesar0.com/hackthebox/intelligence/</link>
      <pubDate>Thu, 06 Feb 2025 06:19:49 +0100</pubDate>
      <guid>https://blackcaesar0.com/hackthebox/intelligence/</guid>
      <description>&lt;hr&gt;&#xA;&lt;h1 id=&#34;intelligence-ctf-write-up&#34;&gt;Intelligence CTF Write-Up&lt;/h1&gt;&#xA;&lt;h2 id=&#34;executive-summary&#34;&gt;Executive Summary&lt;/h2&gt;&#xA;&lt;p&gt;Intelligence contracted &lt;strong&gt;blackcaesar0&lt;/strong&gt; to perform a network penetration test on its internally facing network. The objective was to identify security weaknesses, determine their impact, and provide remediation recommendations.&lt;/p&gt;&#xA;&lt;h2 id=&#34;approach&#34;&gt;Approach&lt;/h2&gt;&#xA;&lt;p&gt;The test was conducted using a &lt;strong&gt;black-box approach&lt;/strong&gt; from &lt;strong&gt;January 16, 2025, 10:14 PM, to January 21, 2025, 4:16 AM&lt;/strong&gt;, without credentials or prior knowledge of the internal environment. The goal was to uncover unknown vulnerabilities while maintaining a non-evasive testing approach.&lt;/p&gt;</description>
    </item>
  </channel>
</rss>
